作者,地址,描述,类型
干吧肚饿,http://www.bilibili.com/video/av398608720,,日常
干吧肚饿,http://www.bilibili.com/video/av528607354,,日常
菜力力会忍术,http://www.bilibili.com/video/av586436511,-,日常
dpRC小李,http://www.bilibili.com/video/av883339424,锂电池过放用充电器镍氢模式挽救 切记充电不离人 人走电停。蟹蟹观看 还有什么问题欢迎大家留言,汽车生活
上海望德环保,http://www.bilibili.com/video/av526804292,"德国伍德/ULT AG：粉尘、烟雾和气体过滤器。
ULT是欧洲粉尘、烟雾和气体过滤器的主要供应商之一，为客户生产研发过程中各种空气为载体的有害物质引起的环境污染提供客户化的解决方案。产品主要应用在汽车和机械、航空航天、电子电气、太阳能光伏制造、医药化工的制造及研发，文物修复等领域。
丹麦阿尔斯登/ALSIDENT SYSTEM A/S：万向吸气臂
ALSIDENT是全球万向吸气臂和抽气罩的顶级供应商。产品有通用型（AL），防静电型（ESD）和防腐蚀型（CR），主要用于医药、化工、食品制造，电子电气制造等6",科工机械
Vinnap,http://www.bilibili.com/video/av439483480,,校园学习
啊哈哈哈哈哈布,http://www.bilibili.com/video/av858730963,,手势·网红舞
好多小布丁,http://www.bilibili.com/video/av312980279,都在吹飞智的固件，今天尝试了一下结果直接烧了，辣鸡飞智！,数码
账号已注销,http://www.bilibili.com/video/av684198533,-,科学科普
大象说车,http://www.bilibili.com/video/av425741847,08年上牌的3.2四驱迈腾b6,日常
大鼓锤,http://www.bilibili.com/video/av687004991,-,数码
手环收集家,http://www.bilibili.com/video/av294158378,视频搬运自互联网,日常
画师KIO,http://www.bilibili.com/video/av443550331,这是神马 #绘画 板绘 头像  次元,绘画
胸毛成精记,http://www.bilibili.com/video/av334615341,"45614513245312
【测评】华为B6赚了赚了！！",日常
bili_23599559815,http://www.bilibili.com/video/av867909104,,小剧场
小婷迷路了fcc,http://www.bilibili.com/video/av545071350,"看看我发现了什么宝藏！！！
.
✅补充维生素
维生素B6➕B2
这两个都是可以减少局部油脂分泌的
改善皮肤的油腻，还能减少长痘呢
.
✅痘痘
可以说是痘痘的克星了，涂在痘痘上一个晚上就可以瘪下去而且还有修复的作用，就不容易留印儿，红色痘印也可以用哦
米云痘芙柔
.
✅闭口
这个还是之前医生给开的呢，用的时候就是说要避光，其实还是挺不错的
阿达帕林
.
一起祛痘吧！",美妆护肤
夏雨山,http://www.bilibili.com/video/av906430352,https://www.youtube.com/watch?v=Yr8Uwto3CTg,改装玩车
hanjh2,http://www.bilibili.com/video/av548645963,B6技术支持的展示交流视频样例,校园学习
是孤幻君啊,http://www.bilibili.com/video/av568641234,,日常
ななひらら,http://www.bilibili.com/video/av54219388,%E5%9B%9E%E5%A4%8D+%40IceCliffs+%3A%E4%B8%8D%E5%98%9B%E4%B8%8D%E5%98%9B%E6%88%91%E5%B0%B1%E8%A6%81%E6%9D%A5%E4%BD%A0%E8%BF%99%5B%E7%83%AD%E8%AF%8D%E7%B3%BB%E5%88%97_%E7%9F%A5%E8%AF%86%E5%A2%9E%E5%8A%A0%5D,野生技能协会
bili_zzyt,http://www.bilibili.com/video/av528540730,沙漠中的沙尘暴来袭,日常
苏倾雪ww,http://www.bilibili.com/video/av398249495,,电子竞技
北凉核导弹,http://www.bilibili.com/video/av656035026,,手机游戏
汝纶_国学智慧,http://www.bilibili.com/video/av508409782,"视频搬运自互联网
视频搬运自互联网",日常
邓丽君王羽佳dlg本尊,http://www.bilibili.com/video/av753324078,,音乐教学
班长模型车,http://www.bilibili.com/video/av298458571,,汽车生活
-BOSSKEN-,http://www.bilibili.com/video/av725124352,生活,明星综合
是孤幻君啊,http://www.bilibili.com/video/av993682462,,日常
bili_60119256978,http://www.bilibili.com/video/av824084051,,网络游戏
JiuYue玖月哈哈,http://www.bilibili.com/video/av825205007,连跪后折磨蛋仔,手机游戏
King_of_road,http://www.bilibili.com/video/av56257360,"YouTube

原标题：2019 Scania L340 B6x2 CNG Tractor - Exterior and Interior Walkaround - 2019 IAA Hannover
注意这车后尾有这明显的帅箱机构",汽车生活
kzy84,http://www.bilibili.com/video/av766901126,666,校园学习
西妖3d爱搞事,http://www.bilibili.com/video/av654434460,"欢迎加QQ群吹水：980531972
私聊有B6X鸡血固件，体验20+W功率的B6X（效果可能会变差）
马上破千粉抽一个B6X，欢迎关注
以后还有更多好玩的配件哦",数码
hijirikikka,http://www.bilibili.com/video/av843914198,个人感觉比4b6难得多，打了挺久的，原视频有点音画不同步，1p为纯bgm：微熱からMystery(Off Vocal)，网易云上貌似没有,单机游戏
汪天诚教你买车,http://www.bilibili.com/video/av783597025,-,购车攻略
素车Sucar,http://www.bilibili.com/video/av10281218,"https://v.qq.com/x/page/h039940r8nr.html
比E30M3更珍贵的是阿尔宾娜B6 3.5 ,值得60小时的精细护理。",改装玩车
Aerialバカ,http://www.bilibili.com/video/av227850974,-,数码
可昔雨,http://www.bilibili.com/video/av457412321,,短片·手书·配音
我的老电脑,http://www.bilibili.com/video/av20577435,视频类型: 其他,动画综合
bili_93904758072,http://www.bilibili.com/video/av866519018,,网络游戏
魔法少女龙景天,http://www.bilibili.com/video/av525766379,,校园学习
A001001001,http://www.bilibili.com/video/av765582277,,数码
