大鼓锤,http://www.bilibili.com/video/av687004991,-,数码
朗真很真,http://www.bilibili.com/video/av783481688,,日常
dpRC小李,http://www.bilibili.com/video/av883339424,锂电池过放用充电器镍氢模式挽救 切记充电不离人 人走电停。蟹蟹观看 还有什么问题欢迎大家留言,汽车生活
上海望德环保,http://www.bilibili.com/video/av526804292,"德国伍德/ULT AG：粉尘、烟雾和气体过滤器。
ULT是欧洲粉尘、烟雾和气体过滤器的主要供应商之一，为客户生产研发过程中各种空气为载体的有害物质引起的环境污染提供客户化的解决方案。产品主要应用在汽车和机械、航空航天、电子电气、太阳能光伏制造、医药化工的制造及研发，文物修复等领域。
丹麦阿尔斯登/ALSIDENT SYSTEM A/S：万向吸气臂
ALSIDENT是全球万向吸气臂和抽气罩的顶级供应商。产品有通用型（AL），防静电型（ESD）和防腐蚀型（CR），主要用于医药、化工、食品制造，电子电气制造等6",科工机械
啊哈哈哈哈哈布,http://www.bilibili.com/video/av858730963,,手势·网红舞
bili_23599559815,http://www.bilibili.com/video/av867909104,,小剧场
汝纶_国学智慧,http://www.bilibili.com/video/av508409782,"视频搬运自互联网
视频搬运自互联网",日常
mifansp,http://www.bilibili.com/video/av526828967,这才是真，环保。模具都不换,数码
老贻329,http://www.bilibili.com/video/av547951839,"2021.9.13 封闭烂路随拍。车子开了四年，将近9万公里，跑高速有开船的晃悠感觉，越来越严重，我自己坐副驾都快晕了。决心花7k升级倍适登B6，感觉路感提升，有点效果。
器材：索尼A6600+16-55套头，1080/100fps拍摄，后期裁切。",汽车生活
hanjh2,http://www.bilibili.com/video/av548645963,B6技术支持的展示交流视频样例,校园学习
Vinnap,http://www.bilibili.com/video/av439483480,,校园学习
夏雨山,http://www.bilibili.com/video/av906430352,https://www.youtube.com/watch?v=Yr8Uwto3CTg,改装玩车
小婷迷路了fcc,http://www.bilibili.com/video/av545071350,"看看我发现了什么宝藏！！！
.
✅补充维生素
维生素B6➕B2
这两个都是可以减少局部油脂分泌的
改善皮肤的油腻，还能减少长痘呢
.
✅痘痘
可以说是痘痘的克星了，涂在痘痘上一个晚上就可以瘪下去而且还有修复的作用，就不容易留印儿，红色痘印也可以用哦
米云痘芙柔
.
✅闭口
这个还是之前医生给开的呢，用的时候就是说要避光，其实还是挺不错的
阿达帕林
.
一起祛痘吧！",美妆护肤
低调音频直播设备,http://www.bilibili.com/video/av681726344,-,数码
胸毛成精记,http://www.bilibili.com/video/av334615341,"45614513245312
【测评】华为B6赚了赚了！！",日常
画师ki,http://www.bilibili.com/video/av910068056,"初次见面··· 我是七星之「天权」,凝光",绘画
素车Sucar,http://www.bilibili.com/video/av10281218,"https://v.qq.com/x/page/h039940r8nr.html
比E30M3更珍贵的是阿尔宾娜B6 3.5 ,值得60小时的精细护理。",改装玩车
账号已注销,http://www.bilibili.com/video/av684198533,-,科学科普
Lee_v1,http://www.bilibili.com/video/av866890780,华为手环蓝牙耳机B7的简单开箱，和B6的区别,数码
-BOSSKEN-,http://www.bilibili.com/video/av725124352,生活,明星综合
手环收集家,http://www.bilibili.com/video/av294158378,视频搬运自互联网,日常
RuiX睿睿,http://www.bilibili.com/video/av522429209,因为好奇，就用了段时间B6，结果。。。,数码
海外美食集锦,http://www.bilibili.com/video/av632123019,"45623486523.
【测评】华为手环b6“跳水”了，是不是香？",日常
账号已注销,http://www.bilibili.com/video/av296313063,-,数码
王者婷婷天下,http://www.bilibili.com/video/av911096522,,影视剪辑
火影笔记本,http://www.bilibili.com/video/av32394887,巴雷特B6是一款17.3英寸三面窄边款，144Hz电竞屏，支持人脸解锁，搭载了GTX1060 6G独显，8代i7-8750H处理器，16G DDR4运存，256G PCIE固态硬盘+1T机械盘的游戏本产品。,数码
精英之旅666,http://www.bilibili.com/video/av597669876,教师信息技术应用能力提升工程2.0微能力点系列攻略---B6：技术支持的展示交流,亲子
苏倾雪ww,http://www.bilibili.com/video/av398249495,,电子竞技
火影笔记本,http://www.bilibili.com/video/av32512385,巴雷特B6是一款17.3英寸三面窄边款，144Hz电竞屏，支持人脸解锁，搭载了GTX1060 6G独显，8代i7-8750H处理器，16G DDR4运存，256G PCIE固态硬盘+1T机械盘的游戏本产品。,数码
JiuYue玖月哈哈,http://www.bilibili.com/video/av825205007,连跪后折磨蛋仔,手机游戏
普尔兰一世-,http://www.bilibili.com/video/av270663190,,网络游戏
公卫银,http://www.bilibili.com/video/av864625653,-,校园学习
泰迪宇宙黑洞地核,http://www.bilibili.com/video/av753324078,,音乐教学
柴工的科技生活,http://www.bilibili.com/video/av756616039,,数码
驰诚总校报名处,http://www.bilibili.com/video/av484268146,河南邓州驰诚驾培集团面向全国招生！公司占地3000余亩，各种教练车800余辆，教职员工1000余人，自有考场，花园式训练场，酒店式住宿环境本校练车，本校考试，招收A1.A2.A3.B1.B2.C1.C2.C6.D.E证学员，价格透明一费到底，让你省时省钱省力，贴心服务让你快速拿证，关注我有惊喜！,职业职场
-BOSSKEN-,http://www.bilibili.com/video/av605411441,搞笑,明星综合
ななひらら,http://www.bilibili.com/video/av54219388,%E5%9B%9E%E5%A4%8D+%40IceCliffs+%3A%E4%B8%8D%E5%98%9B%E4%B8%8D%E5%98%9B%E6%88%91%E5%B0%B1%E8%A6%81%E6%9D%A5%E4%BD%A0%E8%BF%99%5B%E7%83%AD%E8%AF%8D%E7%B3%BB%E5%88%97_%E7%9F%A5%E8%AF%86%E5%A2%9E%E5%8A%A0%5D,野生技能协会
超小厨,http://www.bilibili.com/video/av980320358,农村公公第一次网购，还不忘给婆婆买礼物，婆婆嘴上不说心里感动,日常
魔法少女龙景天,http://www.bilibili.com/video/av525766379,,校园学习
小天潮车坊,http://www.bilibili.com/video/av553155409,-,汽车生活
北辰星sss,http://www.bilibili.com/video/av867587345,做饭,日常
King_of_road,http://www.bilibili.com/video/av56257360,"YouTube

原标题：2019 Scania L340 B6x2 CNG Tractor - Exterior and Interior Walkaround - 2019 IAA Hannover
注意这车后尾有这明显的帅箱机构",汽车生活
